<NotepadPlus>
    <UserLang name="Z80 Assembly" ext="asm" udlVersion="2.1">
        <Settings>
            <Global caseIgnored="yes" allowFoldOfComments="yes" foldCompact="no" forcePureLC="0" decimalSeparator="0" />
            <Prefix Keywords1="no" Keywords2="no" Keywords3="no" Keywords4="no" Keywords5="no" Keywords6="no" Keywords7="no" Keywords8="no" />
        </Settings>
        <KeywordLists>
            <Keywords name="Comments">00; 01 02 03/* 04*/</Keywords>
            <Keywords name="Numbers, prefix1">%</Keywords>
            <Keywords name="Numbers, prefix2">$</Keywords>
            <Keywords name="Numbers, extras1">A B C D E F a b c d e f</Keywords>
            <Keywords name="Numbers, extras2"></Keywords>
            <Keywords name="Numbers, suffix1">h</Keywords>
            <Keywords name="Numbers, suffix2"></Keywords>
            <Keywords name="Numbers, range"></Keywords>
            <Keywords name="Operators1">( ) [ ] | &amp; ^ &lt;&lt; &gt;&gt; + - # ~ * / &lt; &gt; , :</Keywords>
            <Keywords name="Operators2"></Keywords>
            <Keywords name="Folders in code1, open">.section .struct .enum .macro .memorymap .rombankmap .endasm .block .asciitable .asctable .rept .repeat .smsheader .ramsection .union</Keywords>
            <Keywords name="Folders in code1, middle">.nextu</Keywords>
            <Keywords name="Folders in code1, close">.endst .ends .endme .endro .ende .endm .asm .endb .enda .endr .endsms .endu</Keywords>
            <Keywords name="Folders in code2, open">.ifndef .if .ifeq .ifdef .ifexists .ifdefm .ifndefm .ifneq .ifle .ifleeq .ifgr .ifgreq</Keywords>
            <Keywords name="Folders in code2, middle">.else .elif</Keywords>
            <Keywords name="Folders in code2, close">.endif</Keywords>
            <Keywords name="Folders in comment, open"></Keywords>
            <Keywords name="Folders in comment, middle"></Keywords>
            <Keywords name="Folders in comment, close"></Keywords>
            <Keywords name="Keywords1">###Opcodes&#x000D;&#x000A;ex exx ld ldd lddr ldi ldir pop push adc add cp cpd cpdr cpi cpir cpl daa dec inc neg sbc sub and bit ccf or res scf set xor rl rla rlc rlca rld rr rra rrc rrca rrd sla sra srl call djnz jp jr nop ret reti retn rst di ei halt im in ind indr ini inir otdr otir out outd outi</Keywords>
            <Keywords name="Keywords2">###registers&#x000D;&#x000A;a af b bc c d de e h hl i ix iy l r sp af&apos; </Keywords>
            <Keywords name="Keywords3">###wackyregisters&#x000D;&#x000A;hx hy ixh ixl sll iyh iyl lx ly</Keywords>
            <Keywords name="Keywords4">###directiveparams&#x000D;&#x000A;overwrite free force semifree superfree desc asc export slot skip read swap fsize instanceof data map to defaultslot slotsize start size bankstotal banksize banks returnorg align dec hex step productcode version regioncode reservedspace romsize namespace once filter values name offset keep semisubfree bank appendto</Keywords>
            <Keywords name="Keywords5">###enumentries&#x000D;&#x000A;byte byt db word dw addr long dl faraddr ds dsb dsw dsl</Keywords>
            <Keywords name="Keywords6">###conditions&#x000D;&#x000A;z nz pe po m c</Keywords>
            <Keywords name="Keywords7">###onelinemacros&#x000D;&#x000A;.define .def .equ .redefine .undefine .undef .redef .bank .slot .org .orga .db .byt .ds .dsb .dw .word .addr .dl .long .dsw .dsl .dbm .dwm .dlm .asc .ascii .include .inc .incbin .dbrnd .dwrnd .dbcos .dbsin .dwcos .dwsin .rombanks .emptyfill .computesmschecksum .smstag .sdsctag .incdir .input .background .unbackground .fail .fclose .fopen .fread .fsize .shift .rombanksize .dstruct .symbol .sym .br .breakpoint .seed .export .print .printt .printv .outname .enumid .table .row .data</Keywords>
            <Keywords name="Keywords8">CADDR WLA_FILENAME WLA_TIME WLA_VERSION</Keywords>
            <Keywords name="Delimiters">00 01 02 03&quot; 04\ 05&quot; 06 07 08 09 10 11 12 13 14 15 16 17 18 19 20 21 22 23</Keywords>
        </KeywordLists>
        <Styles>
            <WordsStyle name="DEFAULT" fgColor="D6D6D6" bgColor="2E2E2E" fontName="" fontStyle="2" nesting="0" />
            <WordsStyle name="COMMENTS" fgColor="797979" bgColor="2E2E2E" fontName="" fontStyle="0" nesting="256" />
            <WordsStyle name="LINE COMMENTS" fgColor="797979" bgColor="2E2E2E" fontName="" fontStyle="2" nesting="256" />
            <WordsStyle name="NUMBERS" fgColor="9E86C8" bgColor="2E2E2E" fontName="" fontStyle="0" nesting="0" />
            <WordsStyle name="KEYWORDS1" fgColor="6C99BB" bgColor="2E2E2E" fontName="" fontStyle="0" nesting="0" />
            <WordsStyle name="KEYWORDS2" fgColor="B4D273" bgColor="2E2E2E" fontName="" fontStyle="0" nesting="0" />
            <WordsStyle name="KEYWORDS3" fgColor="B4D273" bgColor="2E2E2E" fontName="" fontStyle="1" nesting="0" />
            <WordsStyle name="KEYWORDS4" fgColor="C0C0C0" bgColor="2E2E2E" fontName="" fontStyle="1" nesting="0" />
            <WordsStyle name="KEYWORDS5" fgColor="6C99BB" bgColor="2E2E2E" fontName="" fontStyle="1" nesting="0" />
            <WordsStyle name="KEYWORDS6" fgColor="E87D3E" bgColor="2E2E2E" fontName="" fontStyle="2" nesting="0" />
            <WordsStyle name="KEYWORDS7" fgColor="E87D3E" bgColor="2E2E2E" fontName="" fontStyle="1" nesting="0" />
            <WordsStyle name="KEYWORDS8" fgColor="E5B567" bgColor="2E2E2E" fontName="" fontStyle="3" nesting="0" />
            <WordsStyle name="OPERATORS" fgColor="B05279" bgColor="2E2E2E" fontName="" fontStyle="0" nesting="0" />
            <WordsStyle name="FOLDER IN CODE1" fgColor="D6D6D6" bgColor="2E2E2E" fontName="" fontStyle="1" nesting="0" />
            <WordsStyle name="FOLDER IN CODE2" fgColor="6C99BB" bgColor="2E2E2E" fontName="" fontStyle="1" nesting="0" />
            <WordsStyle name="FOLDER IN COMMENT" fgColor="D6D6D6" bgColor="2E2E2E" fontName="" fontStyle="0" nesting="0" />
            <WordsStyle name="DELIMITERS1" fgColor="9E86C8" bgColor="2E2E2E" fontName="" fontStyle="0" nesting="0" />
            <WordsStyle name="DELIMITERS2" fgColor="9E86C8" bgColor="2E2E2E" fontName="" fontStyle="0" nesting="0" />
            <WordsStyle name="DELIMITERS3" fgColor="9E86C8" bgColor="2E2E2E" fontName="" fontStyle="0" nesting="0" />
            <WordsStyle name="DELIMITERS4" fgColor="D6D6D6" bgColor="2E2E2E" fontName="" fontStyle="0" nesting="0" />
            <WordsStyle name="DELIMITERS5" fgColor="D6D6D6" bgColor="2E2E2E" fontName="" fontStyle="0" nesting="0" />
            <WordsStyle name="DELIMITERS6" fgColor="D6D6D6" bgColor="2E2E2E" fontName="" fontStyle="0" nesting="0" />
            <WordsStyle name="DELIMITERS7" fgColor="D6D6D6" bgColor="2E2E2E" fontName="" fontStyle="0" nesting="0" />
            <WordsStyle name="DELIMITERS8" fgColor="D6D6D6" bgColor="2E2E2E" fontName="" fontStyle="0" nesting="0" />
        </Styles>
    </UserLang>
</NotepadPlus>
